#	match_text	confidence	pattern	tile_index	tile_col	tile_row	src_x0	src_y0	src_x1	src_y1	cx	cy	variant	ocr_text_snippet
1	37	not available	37-general	2	2	0	1200	0	2000	800	1600	400	gray	 26 | 27 | 28 | 29 | 30  | |  31 | 32 | 33 | 34 | 35 | 36 | 37 | 38 | 39 | 40  |
2	37	not available	37-general	3	3	0	1800	0	2600	800	2200	400	contrast	 26 | 27 | 28 | 29  | |  30 | 31 | 32 | 33 | 34 | 35 | 36 | 37 | 38 | 39  | |  40 | 41 | 42 | 43 | 44 | 45 | 46 | 47 | 48
3	37	not available	37-general	4	4	0	2400	0	3200	800	2800	400	gray	 29 | 30 | 31  | |  29 | 30 | 31 | 32 | 33 | 34 | 35 | 36 | 37 | 38  | |  36 | 37 | 38 | 39 | 40 | 41 | 42 | 43 | 44 | 45
4	37	not available	37-general	10	0	1	0	600	800	1400	400	1000	contrast	 3 4 | 9 3 4  | |  25 | 29 | 9 | 2  | |  25 | 5 4 | 39 | 15 37 8  | |  11/2 | 3 4 36 | 12/2 | 15 37 10  | |  14 | 28 | 16
5	37	not available	37-general	27	7	2	4200	1200	5000	2000	4600	1600	gray	|  15 | 40 | 37  | | --- | --- | --- | |  18 | 17 36 | 16 36  | |  23 | 24
6	37	not available	37-general	28	8	2	4800	1200	5600	2000	5200	1600	gray	39 16 16 38 11 9 8 26 8 25 30 25 30 8 145 37
7	37	not available	37-general	37	7	3	4200	1800	5000	2600	4600	2200	gray	 20  | |   | 20 | 18 | 22 | 5 |   | |   | 7 | 7 | 36 | 34 | 37  | |   | 2 | 36 |  |  | 2  | |  6 | 0 | 18 | 22 | 27 | 18
8	37	not available	37-general	43	3	4	1800	2400	2600	3200	2200	2800	gray	37 18 28 33 21 23 15 37 13 9 26 9 8 25 28 2 28 10 2 3 3 15 9 -
9	37	not available	37-general	44	4	4	2400	2400	3200	3200	2800	2800	gray	25 | 26 | 27 | 28 | 29 | 30 | 31 | 32 | 33 | 34 | 35 | 36 | 37 | 38 | 39 | 40 | 41 | 42 | 43 | 44 | 45 | 46 | 47 | 48 | 49
10	37	not available	37-general	45	5	4	3000	2400	3800	3200	3400	2800	gray	 | 31 | 9 |   | |  19 | 9 | 4 | 20 | 10 | 17  | |  13 | 8 | 37 | 2 | 18 | 3  | |  17 | 4 | 37 | 2 | 18 | 3  | |  10 | 9 |
11	37	not available	37-general	47	7	4	4200	2400	5000	3200	4600	2800	gray	--- | --- | --- | |  40 | 50 | 11 | 20 | 22  | |  14 | 14 | 37 | 3 | 15  | |  0 | 1 | 34 | 4 | 37  | |  21 | 20 | 20 | 22
12	37	not available	37-general	48	8	4	4800	2400	5600	3200	5200	2800	gray	  | |  16 |  |   | |  15 | 20 | 11  | |  15 | 20 | 11  | |  37 | 40 |   | |  16 | 12 |   | |  16 | 40 |   | |  12 | 6 | 27
13	37	not available	37-general	52	2	5	1200	3000	2000	3795	1600	3397	gray	 P. 29  P. 30  P. 31  P. 32  P. 33  P. 34  P. 35  P. 36  P. 37  P. 38  P. 39  P. 40  P. 41  P. 42  P. 43  P. 44  P. 45  P.
14	37	not available	37-general	53	3	5	1800	3000	2600	3795	2200	3397	gray	17 18 19 20 21 22 23 24 25 26 27 28 29 30 31 32 33 34 35 36 37 38 39 40 41 42 43 44 45 46 47 48 49 50 51 52 53 54 55 56 57
15	37	not available	37-general	55	5	5	3000	3000	3800	3795	3400	3397	gray	25 | 26 | 27 | 28 | 29 | 30 | 31 | 32 | 33 | 34 | 35 | 36 | 37  | |  37 | 38 | 39 | 40 | 41 | 42 | 43 | 44 | 45 | 46 | 47
16	37	not available	37-general	56	6	5	3600	3000	4400	3795	4000	3397	contrast	  | 22 |  |  | 23 |  | 24 | 29  | |   |  |  |  |  |  | 36 | 37 | 38  | |  2 | 19 | 21 |  |  |  |  |  |   | |  1 |  | 2 | 9
