zip_code,ccap_kids,num_centers,capacity_0_23mo,capacity_2yr,capacity_3_K,total_capacity,capacity_0_2_total,avg_center_size
60601,1,1,0,20,26,58,20,58
60602,0,0,0,0,0,0,0,80
60603,0,0,0,0,0,0,0,80
60604,1,1,21,15,21,83,36,83
60605,5,2,80,86,222,367,166,184
60606,0,0,0,0,0,0,0,80
60607,7,7,286,156,363,635,442,91
60608,20,14,389,309,855,1818,698,130
60609,9,9,182,137,408,948,319,105
60610,2,2,23,20,88,159,43,80
60611,2,4,95,66,150,351,161,88
60612,6,7,106,99,428,690,205,99
60613,2,3,49,44,83,170,93,57
60614,1,4,173,118,347,758,291,190
60615,7,7,161,144,333,628,305,90
60616,17,14,289,263,821,1880,552,134
60617,27,22,280,139,740,1367,419,62
60618,16,17,380,269,824,1622,649,95
60619,27,19,249,220,518,1131,469,60
60620,27,22,336,226,603,1250,562,57
60621,6,5,57,63,222,450,120,90
60622,3,7,151,167,334,625,318,89
60623,9,8,197,197,592,1285,394,161
60624,12,9,111,82,369,803,193,89
60625,10,13,246,191,428,1041,437,80
60626,9,6,193,154,448,745,347,124
60628,33,29,503,319,782,1891,822,65
60629,21,19,339,238,524,1216,577,64
60630,5,4,40,49,123,229,89,57
60631,1,2,30,26,62,110,56,55
60632,13,7,124,65,312,594,189,85
60633,5,4,80,42,119,302,122,76
60634,16,14,195,163,450,801,358,57
60636,17,13,179,154,361,796,333,61
60637,17,15,285,178,416,969,463,65
60638,6,4,93,76,192,391,169,98
60639,27,19,382,307,726,1690,689,89
60640,12,19,310,283,643,1371,593,72
60641,7,8,170,101,273,568,271,71
60642,5,6,85,82,140,347,167,58
60643,16,13,169,101,347,760,270,58
60644,15,13,190,128,425,859,318,66
60645,9,9,45,104,175,407,149,45
60646,9,5,42,56,171,315,98,63
60647,17,15,271,205,662,1142,476,76
60649,16,11,161,123,408,743,284,68
60651,18,15,189,180,641,1070,369,71
60652,12,8,105,73,228,489,178,61
60653,6,4,80,52,124,292,132,73
60654,0,0,0,0,0,0,0,80
60655,2,2,15,3,33,76,18,38
60656,2,1,8,10,10,59,18,59
60657,2,5,175,170,263,620,345,124
60659,18,13,150,145,439,830,295,64
60660,8,8,83,85,187,360,168,45
60661,1,0,0,0,0,0,0,80
60803,2,1,23,12,27,82,35,82
60804,17,15,173,122,411,910,295,61
60805,1,1,10,4,15,28,14,28
60827,13,11,155,127,403,1055,282,96