OBJECTID,GEOID,AreaID,High Need Area,Reg_name
159,17031030701,1261,No,Cook - Chicago Northern
165,17031836900,1380,Yes,Cook - Chicago Western
166,17031841200,1392,No,Cook - Chicago Western
167,17031839500,1239,No,Cook - Chicago Southern
168,17031835800,1232,No,Cook - Chicago Southern
169,17031838800,1237,Yes,Cook - Chicago Southern
170,17031841900,1396,No,Cook - Chicago Western
171,17031843200,1401,No,Cook - Chicago Western
172,17031843400,1403,No,Cook - Chicago Western
173,17031842600,1247,No,Cook - Chicago Southern
222,17031030101,NA,NA,Cook - Chicago Northern
223,17031070103,NA,NA,Cook - Chicago Northern
263,17031831900,NA,NA,Cook - Chicago Northern
264,17031832600,NA,NA,Cook - Chicago Northern
265,17031842300,NA,NA,Cook - Chicago Northern
270,17031301803,NA,NA,Cook - Chicago Western
306,17031380600,1009,No,Cook - Chicago Southern
307,17031330101,1288,No,Cook - Chicago Northern
308,17031460800,1064,Yes,Cook - Chicago Southern
315,17031630600,1135,No,Cook - Chicago Southern
316,17031490200,1072,No,Cook - Chicago Southern
317,17031612200,1131,Yes,Cook - Chicago Southern
318,17031844700,1405,Yes,Cook - Chicago Western
319,17031844600,1252,No,Cook - Chicago Southern
381,17031252201,1331,No,Cook - Chicago Western
382,17031660302,1143,Yes,Cook - Chicago Southern
383,17031660301,1142,Yes,Cook - Chicago Southern
384,17031730202,1209,No,Cook - Chicago Southern
387,17031835600,1231,No,Cook - Chicago Southern
389,17031836400,1235,Yes,Cook - Chicago Southern
390,17031836100,1234,Yes,Cook - Chicago Southern
391,17031834600,1224,Yes,Cook - Chicago Southern
392,17031843600,1249,Yes,Cook - Chicago Southern
400,17031220901,1282,No,Cook - Chicago Northern
401,17031210602,1281,No,Cook - Chicago Northern
402,17031252202,1332,Yes,Cook - Chicago Western
403,17031252102,1330,Yes,Cook - Chicago Western
406,17031834500,1223,Yes,Cook - Chicago Southern
407,17031836000,1233,No,Cook - Chicago Southern
408,17031834400,1222,No,Cook - Chicago Southern
409,17031834300,1221,No,Cook - Chicago Southern
413,17031430102,1035,No,Cook - Chicago Southern
414,17031430101,1034,No,Cook - Chicago Southern
415,17031252101,1329,No,Cook - Chicago Western
416,17031010501,1257,No,Cook - Chicago Northern
418,17031010201,1254,Yes,Cook - Chicago Northern
419,17031440201,1050,Yes,Cook - Chicago Southern
420,17031540101,1102,Yes,Cook - Chicago Southern
421,17031834000,1219,Yes,Cook - Chicago Southern
422,17031833900,1218,Yes,Cook - Chicago Southern
466,17031320101,NA,NA,Cook - Chicago Northern
471,17031330103,NA,NA,Cook - Chicago Northern
472,17031330102,NA,NA,Cook - Chicago Northern
521,17031320102,NA,NA,Cook - Chicago Northern
672,17031220701,NA,NA,Cook - Chicago Northern
673,17031063302,NA,NA,Cook - Chicago Northern
680,17031840000,NA,NA,Cook - Chicago Southern
693,17031061902,NA,NA,Cook - Chicago Northern
694,17031030102,NA,NA,Cook - Chicago Northern
695,17031030103,NA,NA,Cook - Chicago Northern
696,17031030706,NA,NA,Cook - Chicago Northern
697,17031030601,NA,NA,Cook - Chicago Northern
698,17031081202,NA,NA,Cook - Chicago Northern
699,17031063303,NA,NA,Cook - Chicago Northern
701,17031220602,NA,NA,Cook - Chicago Northern
702,17031220601,NA,NA,Cook - Chicago Northern
703,17031040401,NA,NA,Cook - Chicago Northern
716,17031836300,NA,NA,Cook - Chicago Southern
717,17031836200,NA,NA,Cook - Chicago Southern
732,17031070101,NA,NA,Cook - Chicago Northern
733,17031110501,NA,NA,Cook - Chicago Northern
734,17031030104,NA,NA,Cook - Chicago Northern
735,17031081401,NA,NA,Cook - Chicago Northern
736,17031770902,NA,NA,Cook - Chicago Northern
743,17031020701,NA,NA,Cook - Chicago Northern
748,17031760801,NA,NA,Cook - Chicago Northern
749,17031839000,NA,NA,Cook - Chicago Northern
806,17031221000,1283,No,Cook - Chicago Northern
807,17031241100,1310,No,Cook - Chicago Western
809,17031250200,1312,Yes,Cook - Chicago Western
810,17031250300,1313,Yes,Cook - Chicago Western
811,17031250400,1314,Yes,Cook - Chicago Western
813,17031080400,1266,No,Cook - Chicago Northern
814,17031250600,1315,Yes,Cook - Chicago Western
815,17031250700,1316,No,Cook - Chicago Western
816,17031250800,1317,No,Cook - Chicago Western
817,17031251000,1318,Yes,Cook - Chicago Western
818,17031251100,1319,No,Cook - Chicago Western
820,17031251200,1320,Yes,Cook - Chicago Western
821,17031251300,1321,No,Cook - Chicago Western
823,17031600700,1117,No,Cook - Chicago Southern
825,17031672000,1169,Yes,Cook - Chicago Southern
827,17031710900,1200,Yes,Cook - Chicago Southern
828,17031711000,1201,Yes,Cook - Chicago Southern
829,17031711100,1202,No,Cook - Chicago Southern
830,17031711200,1203,No,Cook - Chicago Southern
831,17031711500,1206,Yes,Cook - Chicago Southern
832,17031711300,1204,No,Cook - Chicago Southern
833,17031711400,1205,Yes,Cook - Chicago Southern
834,17031270500,1343,Yes,Cook - Chicago Western
835,17031271200,1344,Yes,Cook - Chicago Western
836,17031271300,1345,Yes,Cook - Chicago Western
837,17031271400,1346,Yes,Cook - Chicago Western
838,17031350400,1002,Yes,Cook - Chicago Southern
839,17031351400,1004,Yes,Cook - Chicago Southern
840,17031360200,1006,Yes,Cook - Chicago Southern
843,17031430400,1038,No,Cook - Chicago Southern
844,17031430600,1040,No,Cook - Chicago Southern
845,17031430800,1042,Yes,Cook - Chicago Southern
846,17031430500,1039,Yes,Cook - Chicago Southern
847,17031430900,1043,No,Cook - Chicago Southern
848,17031610300,1118,No,Cook - Chicago Southern
849,17031681000,1173,Yes,Cook - Chicago Southern
850,17031681100,1174,Yes,Cook - Chicago Southern
851,17031680500,1170,No,Cook - Chicago Southern
852,17031680900,1172,Yes,Cook - Chicago Southern
866,17031380100,1007,No,Cook - Chicago Southern
867,17031380200,1008,No,Cook - Chicago Southern
868,17031431200,1044,Yes,Cook - Chicago Southern
869,17031431400,1047,Yes,Cook - Chicago Southern
870,17031610800,1120,No,Cook - Chicago Southern
871,17031611300,1122,No,Cook - Chicago Southern
872,17031611400,1123,Yes,Cook - Chicago Southern
873,17031611500,1124,No,Cook - Chicago Southern
874,17031611900,1128,No,Cook - Chicago Southern
875,17031681200,1175,Yes,Cook - Chicago Southern
879,17031691200,1184,Yes,Cook - Chicago Southern
880,17031691100,1183,No,Cook - Chicago Southern
881,17031730100,1207,No,Cook - Chicago Southern
882,17031730300,1210,Yes,Cook - Chicago Southern
883,17031730400,1211,No,Cook - Chicago Southern
888,17031730500,1212,Yes,Cook - Chicago Southern
889,17031730600,1213,No,Cook - Chicago Southern
890,17031381200,1010,No,Cook - Chicago Southern
891,17031381400,1011,Yes,Cook - Chicago Southern
892,17031440300,1052,No,Cook - Chicago Southern
893,17031612000,1129,No,Cook - Chicago Southern
894,17031612100,1130,Yes,Cook - Chicago Southern
900,17031730700,1214,Yes,Cook - Chicago Southern
901,17031381800,1013,No,Cook - Chicago Southern
902,17031381900,1014,No,Cook - Chicago Southern
903,17031390100,1015,No,Cook - Chicago Southern
904,17031390200,1016,No,Cook - Chicago Southern
905,17031390300,1017,No,Cook - Chicago Southern
906,17031390400,1018,Yes,Cook - Chicago Southern
907,17031390500,1019,No,Cook - Chicago Southern
908,17031440600,1053,No,Cook - Chicago Southern
909,17031440900,1056,No,Cook - Chicago Southern
910,17031440700,1054,No,Cook - Chicago Southern
911,17031440800,1055,No,Cook - Chicago Southern
912,17031630300,1132,No,Cook - Chicago Southern
913,17031630500,1134,No,Cook - Chicago Southern
914,17031630800,1136,No,Cook - Chicago Southern
919,17031750100,1215,No,Cook - Chicago Southern
920,17031750500,1216,No,Cook - Chicago Southern
923,17031282700,1352,No,Cook - Chicago Western
924,17031400300,1020,No,Cook - Chicago Southern
925,17031400500,1022,Yes,Cook - Chicago Southern
926,17031400800,1023,Yes,Cook - Chicago Southern
927,17031410500,1024,No,Cook - Chicago Southern
928,17031460100,1058,Yes,Cook - Chicago Southern
930,17031450300,1057,No,Cook - Chicago Southern
931,17031460200,1059,Yes,Cook - Chicago Southern
932,17031640700,1137,No,Cook - Chicago Southern
933,17031640800,1138,No,Cook - Chicago Southern
934,17031650100,1139,No,Cook - Chicago Southern
938,17031750600,1217,No,Cook - Chicago Southern
942,17031283800,1354,No,Cook - Chicago Western
944,17031460400,1062,Yes,Cook - Chicago Southern
945,17031460500,1063,No,Cook - Chicago Southern
946,17031461000,1065,No,Cook - Chicago Southern
954,17031420100,1025,Yes,Cook - Chicago Southern
955,17031420200,1026,Yes,Cook - Chicago Southern
956,17031420400,1028,Yes,Cook - Chicago Southern
957,17031420700,1031,Yes,Cook - Chicago Southern
958,17031420800,1032,No,Cook - Chicago Southern
959,17031470100,1066,Yes,Cook - Chicago Southern
960,17031480100,1067,No,Cook - Chicago Southern
961,17031480200,1068,No,Cook - Chicago Southern
962,17031480300,1069,Yes,Cook - Chicago Southern
963,17031480400,1070,No,Cook - Chicago Southern
965,17031650400,1141,No,Cook - Chicago Southern
966,17031660400,1144,No,Cook - Chicago Southern
969,17031290900,1355,Yes,Cook - Chicago Western
970,17031291200,1356,Yes,Cook - Chicago Western
971,17031421200,1033,Yes,Cook - Chicago Southern
973,17031271500,1347,No,Cook - Chicago Western
974,17031292200,1357,Yes,Cook - Chicago Western
975,17031292400,1358,No,Cook - Chicago Western
976,17031292500,1359,Yes,Cook - Chicago Western
977,17031271800,1348,No,Cook - Chicago Western
978,17031280400,1349,No,Cook - Chicago Western
979,17031300600,1361,Yes,Cook - Chicago Western
980,17031300700,1362,Yes,Cook - Chicago Western
981,17031301100,1365,No,Cook - Chicago Western
982,17031301200,1366,No,Cook - Chicago Western
983,17031480500,1071,Yes,Cook - Chicago Southern
984,17031490500,1073,Yes,Cook - Chicago Southern
989,17031520200,1091,No,Cook - Chicago Southern
990,17031520300,1092,No,Cook - Chicago Southern
991,17031520400,1093,No,Cook - Chicago Southern
992,17031660500,1145,Yes,Cook - Chicago Southern
993,17031660600,1146,Yes,Cook - Chicago Southern
994,17031660700,1147,Yes,Cook - Chicago Southern
995,17031660800,1148,Yes,Cook - Chicago Southern
996,17031660900,1149,Yes,Cook - Chicago Southern
997,17031661000,1150,Yes,Cook - Chicago Southern
1006,17031221100,NA,NA,Cook - Chicago Northern
1007,17031242800,NA,NA,Cook - Chicago Western
1008,17031242900,NA,NA,Cook - Chicago Western
1009,17031243000,NA,NA,Cook - Chicago Western
1010,17031243100,NA,NA,Cook - Chicago Western
1011,17031243200,NA,NA,Cook - Chicago Western
1012,17031243300,NA,NA,Cook - Chicago Western
1013,17031243400,NA,NA,Cook - Chicago Western
1014,17031071400,NA,NA,Cook - Chicago Northern
1016,17031110400,NA,NA,Cook - Chicago Northern
1017,17031150600,NA,NA,Cook - Chicago Northern
1018,17031150700,NA,NA,Cook - Chicago Northern
1019,17031150800,NA,NA,Cook - Chicago Northern
1024,17031151100,NA,NA,Cook - Chicago Northern
1025,17031151200,NA,NA,Cook - Chicago Northern
1026,17031241500,NA,NA,Cook - Chicago Western
1027,17031241600,NA,NA,Cook - Chicago Western
1028,17031241300,NA,NA,Cook - Chicago Western
1029,17031241400,NA,NA,Cook - Chicago Western
1030,17031243500,NA,NA,Cook - Chicago Northern
1031,17031250500,NA,NA,Cook - Chicago Western
1032,17031071500,NA,NA,Cook - Chicago Northern
1033,17031071800,NA,NA,Cook - Chicago Northern
1040,17031080100,NA,NA,Cook - Chicago Northern
1041,17031080300,NA,NA,Cook - Chicago Northern
1042,17031160100,NA,NA,Cook - Chicago Northern
1043,17031160200,NA,NA,Cook - Chicago Northern
1044,17031160300,NA,NA,Cook - Chicago Northern
1045,17031160400,NA,NA,Cook - Chicago Northern
1046,17031160700,NA,NA,Cook - Chicago Northern
1047,17031221300,NA,NA,Cook - Chicago Northern
1048,17031221500,NA,NA,Cook - Chicago Northern
1049,17031221400,NA,NA,Cook - Chicago Northern
1050,17031051400,NA,NA,Cook - Chicago Northern
1051,17031060100,NA,NA,Cook - Chicago Northern
1052,17031060300,NA,NA,Cook - Chicago Northern
1053,17031060800,NA,NA,Cook - Chicago Northern
1054,17031160800,NA,NA,Cook - Chicago Northern
1055,17031160900,NA,NA,Cook - Chicago Northern
1056,17031161000,NA,NA,Cook - Chicago Northern
1057,17031161100,NA,NA,Cook - Chicago Northern
1058,17031161200,NA,NA,Cook - Chicago Northern
1059,17031161300,NA,NA,Cook - Chicago Northern
1060,17031170100,NA,NA,Cook - Chicago Northern
1061,17031221600,NA,NA,Cook - Chicago Northern
1062,17031242100,NA,NA,Cook - Chicago Western
1063,17031242000,NA,NA,Cook - Chicago Western
1064,17031051300,NA,NA,Cook - Chicago Northern
1072,17031600900,NA,NA,Cook - Chicago Southern
1081,17031350100,NA,NA,Cook - Chicago Southern
1082,17031351000,NA,NA,Cook - Chicago Southern
1098,17031720100,NA,NA,Cook - Chicago Southern
1100,17031720200,NA,NA,Cook - Chicago Southern
1101,17031720300,NA,NA,Cook - Chicago Southern
1102,17031720400,NA,NA,Cook - Chicago Southern
1103,17031720500,NA,NA,Cook - Chicago Southern
1104,17031720600,NA,NA,Cook - Chicago Southern
1105,17031720700,NA,NA,Cook - Chicago Southern
1106,17031040600,NA,NA,Cook - Chicago Northern
1107,17031040700,NA,NA,Cook - Chicago Northern
1108,17031040800,NA,NA,Cook - Chicago Northern
1115,17031050100,NA,NA,Cook - Chicago Northern
1120,17031810600,NA,NA,Cook - Chicago Northern
1124,17031381700,NA,NA,Cook - Chicago Southern
1130,17031620100,NA,NA,Cook - Chicago Southern
1131,17031620200,NA,NA,Cook - Chicago Southern
1132,17031620300,NA,NA,Cook - Chicago Southern
1133,17031620400,NA,NA,Cook - Chicago Southern
1134,17031810501,NA,NA,Cook - Chicago Northern
1135,17031810502,NA,NA,Cook - Chicago Northern
1141,17031740100,NA,NA,Cook - Chicago Southern
1142,17031740200,NA,NA,Cook - Chicago Southern
1143,17031740300,NA,NA,Cook - Chicago Southern
1144,17031740400,NA,NA,Cook - Chicago Southern
1154,17031390600,NA,NA,Cook - Chicago Southern
1155,17031390700,NA,NA,Cook - Chicago Southern
1165,17031630900,NA,NA,Cook - Chicago Southern
1166,17031640100,NA,NA,Cook - Chicago Southern
1167,17031640300,NA,NA,Cook - Chicago Southern
1172,17031750200,NA,NA,Cook - Chicago Southern
1173,17031750300,NA,NA,Cook - Chicago Southern
1174,17031750400,NA,NA,Cook - Chicago Southern
1185,17031282800,NA,NA,Cook - Chicago Western
1186,17031410100,NA,NA,Cook - Chicago Southern
1187,17031410600,NA,NA,Cook - Chicago Southern
1194,17031640400,NA,NA,Cook - Chicago Southern
1195,17031640500,NA,NA,Cook - Chicago Southern
1196,17031640600,NA,NA,Cook - Chicago Southern
1197,17031650200,NA,NA,Cook - Chicago Southern
1223,17031283100,NA,NA,Cook - Chicago Western
1224,17031410700,NA,NA,Cook - Chicago Southern
1225,17031410800,NA,NA,Cook - Chicago Southern
1226,17031410900,NA,NA,Cook - Chicago Southern
1227,17031411000,NA,NA,Cook - Chicago Southern
1228,17031411100,NA,NA,Cook - Chicago Southern
1229,17031411200,NA,NA,Cook - Chicago Southern
1252,17031650500,NA,NA,Cook - Chicago Southern
1283,17031280100,NA,NA,Cook - Chicago Northern
1300,17031520500,NA,NA,Cook - Chicago Southern
1301,17031520600,NA,NA,Cook - Chicago Southern
1305,17031280900,1351,Yes,Cook - Chicago Western
1306,17031301600,1367,No,Cook - Chicago Western
1307,17031490600,1074,No,Cook - Chicago Southern
1308,17031490700,1075,No,Cook - Chicago Southern
1309,17031490800,1076,No,Cook - Chicago Southern
1310,17031491000,1079,Yes,Cook - Chicago Southern
1311,17031491100,1080,No,Cook - Chicago Southern
1312,17031530200,1095,Yes,Cook - Chicago Southern
1313,17031530300,1096,No,Cook - Chicago Southern
1314,17031530400,1097,No,Cook - Chicago Southern
1315,17031530600,1101,Yes,Cook - Chicago Southern
1316,17031670200,1153,Yes,Cook - Chicago Southern
1317,17031670300,1154,Yes,Cook - Chicago Southern
1318,17031670400,1155,Yes,Cook - Chicago Southern
1319,17031661100,1151,No,Cook - Chicago Southern
1320,17031670100,1152,Yes,Cook - Chicago Southern
1321,17031670600,1157,Yes,Cook - Chicago Southern
1322,17031670700,1158,Yes,Cook - Chicago Southern
1323,17031670800,1159,No,Cook - Chicago Southern
1324,17031670900,1160,Yes,Cook - Chicago Southern
1325,17031260900,1341,Yes,Cook - Chicago Western
1326,17031261000,1342,Yes,Cook - Chicago Western
1327,17031310300,1371,No,Cook - Chicago Western
1328,17031310500,1372,No,Cook - Chicago Western
1329,17031491200,1081,Yes,Cook - Chicago Southern
1330,17031491300,1082,No,Cook - Chicago Southern
1331,17031491400,1083,No,Cook - Chicago Southern
1332,17031500100,1084,No,Cook - Chicago Southern
1333,17031500200,1085,Yes,Cook - Chicago Southern
1334,17031500300,1086,No,Cook - Chicago Southern
1335,17031560200,1105,No,Cook - Chicago Southern
1346,17031010300,1256,No,Cook - Chicago Northern
1347,17031280800,1350,Yes,Cook - Chicago Western
1348,17031420300,1027,No,Cook - Chicago Southern
1349,17031611800,1127,No,Cook - Chicago Southern
1355,17031030300,1260,No,Cook - Chicago Northern
1357,17031600600,1116,No,Cook - Chicago Southern
1359,17031420600,1030,No,Cook - Chicago Southern
1361,17031031700,1265,No,Cook - Chicago Northern
1362,17031610400,1119,Yes,Cook - Chicago Southern
1365,17031671400,1164,Yes,Cook - Chicago Southern
1366,17031630400,1133,No,Cook - Chicago Southern
1368,17031010100,1253,No,Cook - Chicago Northern
1373,17031680600,1171,Yes,Cook - Chicago Southern
1378,17031020500,1258,No,Cook - Chicago Northern
1380,17031251400,1322,No,Cook - Chicago Western
1381,17031260300,1335,Yes,Cook - Chicago Western
1382,17031260500,1337,Yes,Cook - Chicago Western
1383,17031260600,1338,Yes,Cook - Chicago Western
1384,17031260700,1339,Yes,Cook - Chicago Western
1385,17031260800,1340,Yes,Cook - Chicago Western
1386,17031190100,1269,No,Cook - Chicago Northern
1387,17031222500,1284,No,Cook - Chicago Northern
1388,17031251500,1323,No,Cook - Chicago Western
1389,17031251600,1324,Yes,Cook - Chicago Western
1390,17031251700,1325,No,Cook - Chicago Western
1391,17031251800,1326,Yes,Cook - Chicago Western
1392,17031251900,1327,Yes,Cook - Chicago Western
1393,17031252000,1328,Yes,Cook - Chicago Western
1395,17031190800,1270,No,Cook - Chicago Northern
1396,17031260100,1333,No,Cook - Chicago Western
1397,17031260200,1334,Yes,Cook - Chicago Western
1398,17031530100,1094,Yes,Cook - Chicago Southern
1402,17031222900,1287,No,Cook - Chicago Northern
1403,17031241000,1309,No,Cook - Chicago Western
1405,17031190900,1271,No,Cook - Chicago Northern
1406,17031191200,1274,No,Cook - Chicago Northern
1407,17031200200,1277,No,Cook - Chicago Northern
1408,17031222700,1285,No,Cook - Chicago Northern
1409,17031230100,1294,No,Cook - Chicago Western
1410,17031230200,1295,No,Cook - Chicago Western
1411,17031230300,1296,No,Cook - Chicago Western
1412,17031230400,1297,No,Cook - Chicago Western
1413,17031230500,1298,No,Cook - Chicago Western
1414,17031351100,1003,Yes,Cook - Chicago Southern
1416,17031611700,1126,Yes,Cook - Chicago Southern
1417,17031300500,1360,No,Cook - Chicago Western
1419,17031381500,1012,Yes,Cook - Chicago Southern
1420,17031420500,1029,Yes,Cook - Chicago Southern
1421,17031081900,1267,No,Cook - Chicago Northern
1422,17031222800,1286,No,Cook - Chicago Northern
1423,17031210400,1280,No,Cook - Chicago Northern
1424,17031230700,1300,No,Cook - Chicago Western
1425,17031230800,1301,No,Cook - Chicago Western
1426,17031230900,1302,No,Cook - Chicago Western
1427,17031670500,1156,Yes,Cook - Chicago Southern
1428,17031580800,1112,No,Cook - Chicago Southern
1429,17031230600,1299,Yes,Cook - Chicago Western
1431,17031300800,1363,Yes,Cook - Chicago Western
1433,17031400400,1021,No,Cook - Chicago Southern
1434,17031191100,1273,No,Cook - Chicago Northern
1435,17031611200,1121,Yes,Cook - Chicago Southern
1436,17031300900,1364,Yes,Cook - Chicago Western
1440,17031260400,1336,Yes,Cook - Chicago Western
1442,17031351500,1005,No,Cook - Chicago Southern
1443,17031031200,1262,No,Cook - Chicago Northern
1444,17031242700,1311,No,Cook - Chicago Western
1450,17031560100,NA,NA,Cook - Chicago Southern
1454,17031281900,NA,NA,Cook - Chicago Northern
1455,17031310200,NA,NA,Cook - Chicago Western
1456,17031310400,NA,NA,Cook - Chicago Western
1457,17031560300,NA,NA,Cook - Chicago Southern
1458,17031560700,NA,NA,Cook - Chicago Southern
1459,17031560800,NA,NA,Cook - Chicago Southern
1460,17031560900,NA,NA,Cook - Chicago Southern
1461,17031561000,NA,NA,Cook - Chicago Southern
1493,17031010400,NA,NA,Cook - Chicago Northern
1494,17031010600,NA,NA,Cook - Chicago Northern
1495,17031020100,NA,NA,Cook - Chicago Northern
1499,17031100200,NA,NA,Cook - Chicago Northern
1503,17031020200,NA,NA,Cook - Chicago Northern
1507,17031130200,NA,NA,Cook - Chicago Northern
1509,17031020400,NA,NA,Cook - Chicago Northern
1510,17031080202,NA,NA,Cook - Chicago Northern
1511,17031240200,NA,NA,Cook - Chicago Western
1520,17031060200,NA,NA,Cook - Chicago Northern
1521,17031221200,NA,NA,Cook - Chicago Northern
1524,17031061200,NA,NA,Cook - Chicago Northern
1526,17031030200,NA,NA,Cook - Chicago Northern
1527,17031030400,NA,NA,Cook - Chicago Northern
1528,17031030900,NA,NA,Cook - Chicago Northern
1529,17031031000,NA,NA,Cook - Chicago Northern
1530,17031980000,NA,NA,Cook - Chicago Northern
1534,17031110100,NA,NA,Cook - Chicago Northern
1535,17031031400,NA,NA,Cook - Chicago Northern
1536,17031040900,NA,NA,Cook - Chicago Northern
1537,17031050200,NA,NA,Cook - Chicago Northern
1538,17031050300,NA,NA,Cook - Chicago Northern
1552,17031071700,NA,NA,Cook - Chicago Northern
1553,17031031800,NA,NA,Cook - Chicago Northern
1559,17031050600,NA,NA,Cook - Chicago Northern
1560,17031050500,NA,NA,Cook - Chicago Northern
1564,17031071600,NA,NA,Cook - Chicago Northern
1570,17031062300,NA,NA,Cook - Chicago Northern
1594,17031030500,NA,NA,Cook - Chicago Northern
1617,17031081300,NA,NA,Cook - Chicago Northern
1618,17031081000,NA,NA,Cook - Chicago Northern
1619,17031130100,NA,NA,Cook - Chicago Northern
1625,17031170200,NA,NA,Cook - Chicago Northern
1628,17031170300,NA,NA,Cook - Chicago Northern
1629,17031170400,NA,NA,Cook - Chicago Northern
1630,17031170500,NA,NA,Cook - Chicago Northern
1631,17031170600,NA,NA,Cook - Chicago Northern
1632,17031170700,NA,NA,Cook - Chicago Northern
1633,17031170800,NA,NA,Cook - Chicago Northern
1635,17031050700,NA,NA,Cook - Chicago Northern
1636,17031050900,NA,NA,Cook - Chicago Northern
1637,17031051000,NA,NA,Cook - Chicago Northern
1638,17031051100,NA,NA,Cook - Chicago Northern
1639,17031051200,NA,NA,Cook - Chicago Northern
1649,17031170900,NA,NA,Cook - Chicago Northern
1650,17031171000,NA,NA,Cook - Chicago Northern
1651,17031171100,NA,NA,Cook - Chicago Northern
1652,17031180100,NA,NA,Cook - Chicago Northern
1653,17031222200,NA,NA,Cook - Chicago Northern
1654,17031222600,NA,NA,Cook - Chicago Northern
1655,17031130300,NA,NA,Cook - Chicago Northern
1662,17031190200,NA,NA,Cook - Chicago Northern
1663,17031190300,NA,NA,Cook - Chicago Northern
1668,17031061800,NA,NA,Cook - Chicago Northern
1673,17031410200,NA,NA,Cook - Chicago Southern
1678,17031200100,NA,NA,Cook - Chicago Northern
1679,17031200300,NA,NA,Cook - Chicago Northern
1689,17031081500,NA,NA,Cook - Chicago Northern
1690,17031081600,NA,NA,Cook - Chicago Northern
1691,17031081700,NA,NA,Cook - Chicago Northern
1692,17031081800,NA,NA,Cook - Chicago Northern
1693,17031050800,NA,NA,Cook - Chicago Northern
1694,17031210100,NA,NA,Cook - Chicago Northern
1702,17031550200,NA,NA,Cook - Chicago Southern
1712,17031242300,NA,NA,Cook - Chicago Western
1713,17031242200,NA,NA,Cook - Chicago Western
1714,17031032100,NA,NA,Cook - Chicago Northern
1722,17031060900,NA,NA,Cook - Chicago Northern
1723,17031061000,NA,NA,Cook - Chicago Northern
1724,17031210700,NA,NA,Cook - Chicago Northern
1726,17031291600,NA,NA,Cook - Chicago Western
1731,17031120100,NA,NA,Cook - Chicago Northern
1742,17031061100,NA,NA,Cook - Chicago Northern
1743,17031061500,NA,NA,Cook - Chicago Northern
1744,17031062000,NA,NA,Cook - Chicago Northern
1745,17031062100,NA,NA,Cook - Chicago Northern
1746,17031062200,NA,NA,Cook - Chicago Northern
1748,17031090200,NA,NA,Cook - Chicago Northern
1749,17031090100,NA,NA,Cook - Chicago Northern
1766,17031210800,NA,NA,Cook - Chicago Northern
1767,17031210900,NA,NA,Cook - Chicago Northern
1772,17031081100,NA,NA,Cook - Chicago Northern
1773,17031241200,NA,NA,Cook - Chicago Western
1774,17031062500,NA,NA,Cook - Chicago Northern
1775,17031062600,NA,NA,Cook - Chicago Northern
1776,17031062700,NA,NA,Cook - Chicago Northern
1777,17031062800,NA,NA,Cook - Chicago Northern
1778,17031062900,NA,NA,Cook - Chicago Northern
1779,17031063000,NA,NA,Cook - Chicago Northern
1780,17031062400,NA,NA,Cook - Chicago Northern
1781,17031063100,NA,NA,Cook - Chicago Northern
1782,17031063200,NA,NA,Cook - Chicago Northern
1783,17031063400,NA,NA,Cook - Chicago Northern
1784,17031090300,NA,NA,Cook - Chicago Northern
1785,17031100100,NA,NA,Cook - Chicago Northern
1786,17031100300,NA,NA,Cook - Chicago Northern
1789,17031140100,NA,NA,Cook - Chicago Northern
1790,17031140200,NA,NA,Cook - Chicago Northern
1791,17031140400,NA,NA,Cook - Chicago Northern
1792,17031140500,NA,NA,Cook - Chicago Northern
1800,17031070200,NA,NA,Cook - Chicago Northern
1801,17031070300,NA,NA,Cook - Chicago Northern
1802,17031070400,NA,NA,Cook - Chicago Northern
1803,17031070500,NA,NA,Cook - Chicago Northern
1804,17031070600,NA,NA,Cook - Chicago Northern
1807,17031231200,1304,Yes,Cook - Chicago Western
1808,17031231100,1303,No,Cook - Chicago Western
1809,17031231500,1305,No,Cook - Chicago Western
1810,17031240800,1307,No,Cook - Chicago Western
1811,17031240700,1306,No,Cook - Chicago Western
1812,17031240900,1308,No,Cook - Chicago Western
1814,17031310600,1373,No,Cook - Chicago Western
1815,17031510100,1087,No,Cook - Chicago Southern
1816,17031510200,1088,Yes,Cook - Chicago Southern
1817,17031020901,1259,No,Cook - Chicago Northern
1818,17031010202,1255,No,Cook - Chicago Northern
1819,17031690400,1179,Yes,Cook - Chicago Southern
1820,17031691300,1185,Yes,Cook - Chicago Southern
1821,17031691400,1186,Yes,Cook - Chicago Southern
1822,17031691500,1187,Yes,Cook - Chicago Southern
1829,17031580100,1106,Yes,Cook - Chicago Southern
1830,17031580200,1107,Yes,Cook - Chicago Southern
1831,17031580300,1108,No,Cook - Chicago Southern
1832,17031580600,1110,No,Cook - Chicago Southern
1833,17031580700,1111,No,Cook - Chicago Southern
1834,17031681300,1176,Yes,Cook - Chicago Southern
1835,17031681400,1177,Yes,Cook - Chicago Southern
1836,17031690300,1178,Yes,Cook - Chicago Southern
1837,17031690500,1180,Yes,Cook - Chicago Southern
1838,17031690900,1181,Yes,Cook - Chicago Southern
1839,17031691000,1182,Yes,Cook - Chicago Southern
1840,17031700100,1188,No,Cook - Chicago Southern
1842,17031590500,1113,No,Cook - Chicago Southern
1843,17031590600,1114,No,Cook - Chicago Southern
1844,17031671200,1162,Yes,Cook - Chicago Southern
1845,17031671100,1161,Yes,Cook - Chicago Southern
1846,17031671300,1163,Yes,Cook - Chicago Southern
1847,17031671500,1165,No,Cook - Chicago Southern
1848,17031671600,1166,Yes,Cook - Chicago Southern
1850,17031671800,1167,Yes,Cook - Chicago Southern
1851,17031671900,1168,No,Cook - Chicago Southern
1852,17031710100,1192,Yes,Cook - Chicago Southern
1853,17031710200,1193,Yes,Cook - Chicago Southern
1854,17031710400,1195,Yes,Cook - Chicago Southern
1855,17031710500,1196,Yes,Cook - Chicago Southern
1858,17031710600,1197,Yes,Cook - Chicago Southern
1859,17031710800,1199,Yes,Cook - Chicago Southern
1860,17031340600,1001,Yes,Cook - Chicago Southern
1861,17031430200,1036,Yes,Cook - Chicago Southern
1862,17031430300,1037,Yes,Cook - Chicago Southern
1863,17031510300,1089,Yes,Cook - Chicago Southern
1864,17031520100,1090,No,Cook - Chicago Southern
1865,17031590700,1115,No,Cook - Chicago Southern
1867,17031830600,1289,No,Cook - Chicago Northern
1868,17031830700,1290,No,Cook - Chicago Northern
1869,17031834800,1226,Yes,Cook - Chicago Southern
1870,17031834700,1225,Yes,Cook - Chicago Southern
1871,17031838300,1292,No,Cook - Chicago Northern
1872,17031835100,1229,Yes,Cook - Chicago Southern
1873,17031835000,1228,Yes,Cook - Chicago Southern
1878,17031842100,1397,No,Cook - Chicago Western
1879,17031843300,1402,No,Cook - Chicago Western
1886,17031831200,1291,No,Cook - Chicago Northern
1887,17031843000,1399,Yes,Cook - Chicago Western
1888,17031843100,1400,Yes,Cook - Chicago Western
1889,17031842900,1398,No,Cook - Chicago Western
1890,17031843500,1404,No,Cook - Chicago Western
1892,17031832900,1376,No,Cook - Chicago Western
1893,17031840300,1242,No,Cook - Chicago Southern
1895,17031838600,1388,No,Cook - Chicago Western
1896,17031839600,1240,Yes,Cook - Chicago Southern
1897,17031834900,1227,Yes,Cook - Chicago Southern
1898,17031836700,1378,No,Cook - Chicago Western
1899,17031836800,1379,Yes,Cook - Chicago Western
1900,17031836600,1377,No,Cook - Chicago Western
1904,17031842500,1246,Yes,Cook - Chicago Southern
1905,17031841800,1244,Yes,Cook - Chicago Southern
1906,17031842800,1248,No,Cook - Chicago Southern
1907,17031843800,1250,Yes,Cook - Chicago Southern
1909,17031841000,1243,No,Cook - Chicago Southern
1910,17031836500,1236,No,Cook - Chicago Southern
1911,17031843900,1251,No,Cook - Chicago Southern
1912,17031834200,1220,No,Cook - Chicago Southern
1913,17031842200,1293,No,Cook - Chicago Northern
1914,17031838000,1386,No,Cook - Chicago Western
1916,17031530501,1098,Yes,Cook - Chicago Southern
1917,17031530503,1100,Yes,Cook - Chicago Southern
1918,17031650302,1140,No,Cook - Chicago Southern
1919,17031530502,1099,No,Cook - Chicago Southern
1920,17031831300,1374,Yes,Cook - Chicago Western
1921,17031831400,1375,Yes,Cook - Chicago Western
1922,17031837000,1381,Yes,Cook - Chicago Western
1924,17031842400,1245,No,Cook - Chicago Southern
1929,17031031501,1263,No,Cook - Chicago Northern
1930,17031490901,1077,Yes,Cook - Chicago Southern
1931,17031490902,1078,No,Cook - Chicago Southern
1932,17031301801,1369,No,Cook - Chicago Western
1933,17031301702,1368,No,Cook - Chicago Western
1934,17031700401,1189,No,Cook - Chicago Southern
1935,17031837100,1382,Yes,Cook - Chicago Western
1936,17031837400,1384,Yes,Cook - Chicago Western
1937,17031837800,1385,No,Cook - Chicago Western
1938,17031837300,1383,Yes,Cook - Chicago Western
1939,17031841500,1394,Yes,Cook - Chicago Western
1940,17031838700,1389,Yes,Cook - Chicago Western
1942,17031580501,1109,No,Cook - Chicago Southern
1943,17031730201,1208,No,Cook - Chicago Southern
1944,17031301802,1370,Yes,Cook - Chicago Western
1945,17031440101,1048,Yes,Cook - Chicago Southern
1948,17031838100,1387,Yes,Cook - Chicago Western
1951,17031140602,1268,No,Cook - Chicago Northern
1952,17031431301,1045,Yes,Cook - Chicago Southern
1953,17031431302,1046,Yes,Cook - Chicago Southern
1954,17031460302,1061,Yes,Cook - Chicago Southern
1955,17031460301,1060,Yes,Cook - Chicago Southern
1956,17031700502,1191,No,Cook - Chicago Southern
1962,17031070700,NA,NA,Cook - Chicago Northern
1963,17031100400,NA,NA,Cook - Chicago Northern
1964,17031100600,NA,NA,Cook - Chicago Northern
1965,17031100700,NA,NA,Cook - Chicago Northern
1966,17031110200,NA,NA,Cook - Chicago Northern
1967,17031150200,NA,NA,Cook - Chicago Northern
1968,17031150300,NA,NA,Cook - Chicago Northern
1980,17031140800,NA,NA,Cook - Chicago Northern
1981,17031242400,NA,NA,Cook - Chicago Western
1982,17031242500,NA,NA,Cook - Chicago Western
1998,17031120200,NA,NA,Cook - Chicago Northern
1999,17031120300,NA,NA,Cook - Chicago Northern
2000,17031120400,NA,NA,Cook - Chicago Northern
2015,17031071100,NA,NA,Cook - Chicago Northern
2017,17031071000,NA,NA,Cook - Chicago Northern
2018,17031071200,NA,NA,Cook - Chicago Northern
2019,17031071300,NA,NA,Cook - Chicago Northern
2020,17031110300,NA,NA,Cook - Chicago Northern
2022,17031220300,NA,NA,Cook - Chicago Northern
2023,17031220400,NA,NA,Cook - Chicago Northern
2024,17031220500,NA,NA,Cook - Chicago Northern
2025,17031240300,NA,NA,Cook - Chicago Western
2026,17031240500,NA,NA,Cook - Chicago Western
2033,17031060400,NA,NA,Cook - Chicago Northern
2034,17031060500,NA,NA,Cook - Chicago Northern
2035,17031240600,NA,NA,Cook - Chicago Western
2039,17031242600,NA,NA,Cook - Chicago Western
2048,17031310700,NA,NA,Cook - Chicago Western
2049,17031310800,NA,NA,Cook - Chicago Western
2050,17031020602,NA,NA,Cook - Chicago Northern
2056,17031310900,NA,NA,Cook - Chicago Western
2057,17031561100,NA,NA,Cook - Chicago Southern
2058,17031190701,NA,NA,Cook - Chicago Northern
2069,17031570100,NA,NA,Cook - Chicago Southern
2070,17031570200,NA,NA,Cook - Chicago Southern
2071,17031570300,NA,NA,Cook - Chicago Southern
2072,17031570400,NA,NA,Cook - Chicago Southern
2073,17031570500,NA,NA,Cook - Chicago Southern
2088,17031320400,NA,NA,Cook - Chicago Northern
2090,17031580400,NA,NA,Cook - Chicago Southern
2092,17031700200,NA,NA,Cook - Chicago Southern
2093,17031320600,NA,NA,Cook - Chicago Northern
2094,17031330200,NA,NA,Cook - Chicago Northern
2101,17031340300,NA,NA,Cook - Chicago Southern
2102,17031340500,NA,NA,Cook - Chicago Southern
2106,17031600400,NA,NA,Cook - Chicago Southern
2113,17031830800,NA,NA,Cook - Chicago Northern
2114,17031830900,NA,NA,Cook - Chicago Northern
2115,17031835200,NA,NA,Cook - Chicago Southern
2116,17031839900,NA,NA,Cook - Chicago Southern
2117,17031839700,NA,NA,Cook - Chicago Southern
2118,17031839800,NA,NA,Cook - Chicago Southern
2125,17031832000,NA,NA,Cook - Chicago Northern
2126,17031832500,NA,NA,Cook - Chicago Northern
2127,17031832300,NA,NA,Cook - Chicago Northern
2128,17031831800,NA,NA,Cook - Chicago Northern
2129,17031831700,NA,NA,Cook - Chicago Northern
2130,17031843700,NA,NA,Cook - Chicago Northern
2135,17031220702,NA,NA,Cook - Chicago Northern
2174,17031831100,NA,NA,Cook - Chicago Northern
2175,17031831500,NA,NA,Cook - Chicago Northern
2176,17031831600,NA,NA,Cook - Chicago Northern
2177,17031831000,NA,NA,Cook - Chicago Western
2178,17031842000,NA,NA,Cook - Chicago Southern
2184,17031770901,NA,NA,Cook - Chicago Northern
2185,17031832400,NA,NA,Cook - Chicago Northern
2189,17031030603,NA,NA,Cook - Chicago Northern
2190,17031832200,NA,NA,Cook - Chicago Northern
2191,17031833000,NA,NA,Cook - Chicago Western
2192,17031980100,NA,NA,Cook - Chicago Southern
2196,17031010702,NA,NA,Cook - Chicago Northern
2197,17031010503,NA,NA,Cook - Chicago Northern
2198,17031010502,NA,NA,Cook - Chicago Northern
2199,17031010701,NA,NA,Cook - Chicago Northern
2200,17031020902,NA,NA,Cook - Chicago Northern
2201,17031020302,NA,NA,Cook - Chicago Northern
2202,17031020601,NA,NA,Cook - Chicago Northern
2204,17031020301,NA,NA,Cook - Chicago Northern
2205,17031760803,NA,NA,Cook - Chicago Northern
2206,17031650301,NA,NA,Cook - Chicago Southern
2218,17031832100,NA,NA,Cook - Chicago Northern
2222,17031020802,NA,NA,Cook - Chicago Northern
2223,17031020702,NA,NA,Cook - Chicago Northern
2224,17031020801,NA,NA,Cook - Chicago Northern
2225,17031040202,NA,NA,Cook - Chicago Northern
2226,17031040201,NA,NA,Cook - Chicago Northern
2227,17031040402,NA,NA,Cook - Chicago Northern
2228,17031081201,NA,NA,Cook - Chicago Northern
2229,17031063301,NA,NA,Cook - Chicago Northern
2231,17031700301,NA,NA,Cook - Chicago Southern
2249,17031150501,NA,NA,Cook - Chicago Northern
2250,17031150401,NA,NA,Cook - Chicago Northern
2251,17031150502,NA,NA,Cook - Chicago Northern
2252,17031110502,NA,NA,Cook - Chicago Northern
2253,17031150402,NA,NA,Cook - Chicago Northern
2254,17031140302,NA,NA,Cook - Chicago Northern
2255,17031140301,NA,NA,Cook - Chicago Northern
2256,17031700302,NA,NA,Cook - Chicago Southern
2257,17031580502,NA,NA,Cook - Chicago Southern
2258,17031301701,NA,NA,Cook - Chicago Western
2265,17031839100,NA,NA,Cook - Chicago Northern
2266,17031833100,NA,NA,Cook - Chicago Western
2267,17031833300,NA,NA,Cook - Chicago Western
2268,17031838200,NA,NA,Cook - Chicago Western
2292,17031140702,NA,NA,Cook - Chicago Northern
2293,17031140701,NA,NA,Cook - Chicago Northern
2294,17031160502,NA,NA,Cook - Chicago Northern
2295,17031160602,NA,NA,Cook - Chicago Northern
2296,17031151002,NA,NA,Cook - Chicago Northern
2297,17031151001,NA,NA,Cook - Chicago Northern
2298,17031190402,NA,NA,Cook - Chicago Northern
2299,17031700501,NA,NA,Cook - Chicago Southern
2300,17031210601,NA,NA,Cook - Chicago Northern
2308,17031840200,1241,No,Cook - Chicago Southern
2309,17031841300,1393,No,Cook - Chicago Western
2310,17031840700,1390,No,Cook - Chicago Western
2311,17031841700,1395,Yes,Cook - Chicago Western
2315,17031191302,1276,No,Cook - Chicago Northern
2316,17031191301,1275,No,Cook - Chicago Northern
2317,17031200402,1279,No,Cook - Chicago Northern
2318,17031200401,1278,No,Cook - Chicago Northern
2319,17031840800,1391,Yes,Cook - Chicago Western
2320,17031440102,1049,Yes,Cook - Chicago Southern
2321,17031440202,1051,No,Cook - Chicago Southern
2322,17031839200,1238,No,Cook - Chicago Southern
2324,17031835500,1230,Yes,Cook - Chicago Southern
2354,17031031502,1264,No,Cook - Chicago Northern
2369,17031540102,1103,Yes,Cook - Chicago Southern
2370,17031700402,1190,No,Cook - Chicago Southern
2404,17031841100,NA,NA,Cook - Chicago Northern
2419,17031190602,NA,NA,Cook - Chicago Northern
2420,17031190401,NA,NA,Cook - Chicago Northern
2421,17031190702,NA,NA,Cook - Chicago Northern
2422,17031190601,NA,NA,Cook - Chicago Northern
2423,17031220902,NA,NA,Cook - Chicago Northern
2424,17031210501,NA,NA,Cook - Chicago Northern
2425,17031160601,NA,NA,Cook - Chicago Northern
2426,17031061901,NA,NA,Cook - Chicago Northern
2427,17031030703,NA,NA,Cook - Chicago Northern
2428,17031081403,NA,NA,Cook - Chicago Northern
2429,17031030702,NA,NA,Cook - Chicago Northern
2435,17031830500,NA,NA,Cook - Chicago Western
2436,17031840100,NA,NA,Cook - Chicago Southern
2437,17031840400,NA,NA,Cook - Chicago Southern
2583,17031030604,NA,NA,Cook - Chicago Northern
2584,17031081402,NA,NA,Cook - Chicago Northern
2585,17031080201,NA,NA,Cook - Chicago Northern
2586,17031760802,NA,NA,Cook - Chicago Northern
2587,17031140601,NA,NA,Cook - Chicago Northern
2588,17031070102,NA,NA,Cook - Chicago Northern
2593,17031210502,NA,NA,Cook - Chicago Northern
2693,17031030800,NA,NA,Cook - Chicago Northern
2694,17031031100,NA,NA,Cook - Chicago Northern
2706,17031031300,NA,NA,Cook - Chicago Northern
2710,17031031900,NA,NA,Cook - Chicago Northern
2746,17031160501,NA,NA,Cook - Chicago Northern
2762,17031040100,NA,NA,Cook - Chicago Northern
2765,17031040300,NA,NA,Cook - Chicago Northern
2821,17031611600,1125,No,Cook - Chicago Southern
2822,17031430700,1041,No,Cook - Chicago Southern
2823,17031191000,1272,No,Cook - Chicago Northern
2830,17031710700,1198,Yes,Cook - Chicago Southern
2832,17031550100,1104,No,Cook - Chicago Southern
2841,17031283200,1353,No,Cook - Chicago Western
2886,17031710300,1194,No,Cook - Chicago Southern
2935,17031340400,NA,NA,Cook - Chicago Southern
2957,17031560400,NA,NA,Cook - Chicago Southern
2974,17031100500,NA,NA,Cook - Chicago Northern
