YEAR,MONTH,ZONE_PAIR,RIDERS
2026,5,1 to 1,1605
2026,5,1 to 2,842319
2026,5,1 to 3,783086
2026,5,1 to 4,1235691
2026,5,2 to 2,60993
2026,5,2 to 3,86690
2026,5,2 to 4,153785
2026,5,3 to 3,4594
2026,5,3 to 4,23636
2026,5,4 to 4,18815
2026,4,1 to 1,1467
2026,4,1 to 2,892525
2026,4,1 to 3,824515
2026,4,1 to 4,1287806
2026,4,2 to 2,55155
2026,4,2 to 3,78426
2026,4,2 to 4,138256
2026,4,3 to 3,4116
2026,4,3 to 4,21718
2026,4,4 to 4,17572
2026,3,1 to 1,1566
2026,3,1 to 2,856069
2026,3,1 to 3,812654
2026,3,1 to 4,1288245
2026,3,2 to 2,49788
2026,3,2 to 3,72509
2026,3,2 to 4,123931
2026,3,3 to 3,3820
2026,3,3 to 4,20333
2026,3,4 to 4,15423
2026,2,1 to 1,887
2026,2,1 to 2,770783
2026,2,1 to 3,711804
2026,2,1 to 4,1106546
2026,2,2 to 2,45969
2026,2,2 to 3,65799
2026,2,2 to 4,108284
2026,2,3 to 3,3545
2026,2,3 to 4,17865
2026,2,4 to 4,13736
2026,1,1 to 1,936
2026,1,1 to 2,741949
2026,1,1 to 3,705610
2026,1,1 to 4,1089525
2026,1,2 to 2,43182
2026,1,2 to 3,62465
2026,1,2 to 4,105397
2026,1,3 to 3,2986
2026,1,3 to 4,16435
2026,1,4 to 4,12756
2025,12,1 to 1,1187
2025,12,1 to 2,662104
2025,12,1 to 3,653489
2025,12,1 to 4,1040996
2025,12,2 to 2,40489
2025,12,2 to 3,62096
2025,12,2 to 4,106288
2025,12,3 to 3,2828
2025,12,3 to 4,22505
2025,12,4 to 4,18405
2025,11,1 to 1,993
2025,11,1 to 2,721711
2025,11,1 to 3,682830
2025,11,1 to 4,1154737
2025,11,2 to 2,45149
2025,11,2 to 3,70735
2025,11,2 to 4,119230
2025,11,3 to 3,3671
2025,11,3 to 4,23683
2025,11,4 to 4,23184
2025,10,1 to 1,1222
2025,10,1 to 2,973647
2025,10,1 to 3,901233
2025,10,1 to 4,1388726
2025,10,2 to 2,60146
2025,10,2 to 3,89424
2025,10,2 to 4,144528
2025,10,3 to 3,4709
2025,10,3 to 4,24463
2025,10,4 to 4,21393
2025,9,1 to 1,1164
2025,9,1 to 2,921727
2025,9,1 to 3,881643
2025,9,1 to 4,1360687
2025,9,2 to 2,60105
2025,9,2 to 3,89605
2025,9,2 to 4,150127
2025,9,3 to 3,4734
2025,9,3 to 4,24297
2025,9,4 to 4,18525
2025,8,1 to 1,2071
2025,8,1 to 2,852673
2025,8,1 to 3,846203
2025,8,1 to 4,1345151
2025,8,2 to 2,53829
2025,8,2 to 3,91539
2025,8,2 to 4,154939
2025,8,3 to 3,4199
2025,8,3 to 4,24785
2025,8,4 to 4,19636
2025,7,1 to 1,1945
2025,7,1 to 2,908437
2025,7,1 to 3,911472
2025,7,1 to 4,1420460
2025,7,2 to 2,52518
2025,7,2 to 3,90070
2025,7,2 to 4,149985
2025,7,3 to 3,3748
2025,7,3 to 4,23842
2025,7,4 to 4,18713
2025,6,1 to 1,1666
2025,6,1 to 2,843107
2025,6,1 to 3,833491
2025,6,1 to 4,1268809
2025,6,2 to 2,52341
2025,6,2 to 3,86098
2025,6,2 to 4,138900
2025,6,3 to 3,3854
2025,6,3 to 4,22566
2025,6,4 to 4,17350
2025,5,1 to 1,1346
2025,5,1 to 2,825762
2025,5,1 to 3,783096
2025,5,1 to 4,1199846
2025,5,2 to 2,57722
2025,5,2 to 3,82544
2025,5,2 to 4,134204
2025,5,3 to 3,3897
2025,5,3 to 4,22272
2025,5,4 to 4,16280
2025,4,1 to 1,1702
2025,4,1 to 2,894678
2025,4,1 to 3,828779
2025,4,1 to 4,1262089
2025,4,2 to 2,54071
2025,4,2 to 3,77987
2025,4,2 to 4,125009
2025,4,3 to 3,3515
2025,4,3 to 4,21333
2025,4,4 to 4,16030
2025,3,1 to 1,1533
2025,3,1 to 2,789574
2025,3,1 to 3,759819
2025,3,1 to 4,1186649
2025,3,2 to 2,48360
2025,3,2 to 3,67404
2025,3,2 to 4,111296
2025,3,3 to 3,3524
2025,3,3 to 4,20934
2025,3,4 to 4,15149
2025,2,1 to 1,1018
2025,2,1 to 2,681453
2025,2,1 to 3,636728
2025,2,1 to 4,962967
2025,2,2 to 2,42562
2025,2,2 to 3,59495
2025,2,2 to 4,93115
2025,2,3 to 3,3031
2025,2,3 to 4,16477
2025,2,4 to 4,12037
2025,1,1 to 1,832
2025,1,1 to 2,707325
2025,1,1 to 3,674370
2025,1,1 to 4,1016949
2025,1,2 to 2,42194
2025,1,2 to 3,59199
2025,1,2 to 4,97078
2025,1,3 to 3,3203
2025,1,3 to 4,17408
2025,1,4 to 4,12624
2024,12,1 to 1,1017
2024,12,1 to 2,614859
2024,12,1 to 3,617716
2024,12,1 to 4,978182
2024,12,2 to 2,40188
2024,12,2 to 3,59191
2024,12,2 to 4,101170
2024,12,3 to 3,3154
2024,12,3 to 4,24601
2024,12,4 to 4,20192
2024,11,1 to 1,1101
2024,11,1 to 2,708954
2024,11,1 to 3,683297
2024,11,1 to 4,1064246
2024,11,2 to 2,48286
2024,11,2 to 3,69858
2024,11,2 to 4,112369
2024,11,3 to 3,3634
2024,11,3 to 4,22657
2024,11,4 to 4,21126
2024,10,1 to 1,1290
2024,10,1 to 2,911031
2024,10,1 to 3,845461
2024,10,1 to 4,1287606
2024,10,2 to 2,61505
2024,10,2 to 3,84099
2024,10,2 to 4,131235
2024,10,3 to 3,4988
2024,10,3 to 4,24128
2024,10,4 to 4,18222
2024,9,1 to 1,1126
2024,9,1 to 2,800321
2024,9,1 to 3,761439
2024,9,1 to 4,1163554
2024,9,2 to 2,55597
2024,9,2 to 3,79508
2024,9,2 to 4,125573
2024,9,3 to 3,4375
2024,9,3 to 4,22959
2024,9,4 to 4,16436
2024,8,1 to 1,1810
2024,8,1 to 2,735576
2024,8,1 to 3,725100
2024,8,1 to 4,1136327
2024,8,2 to 2,49203
2024,8,2 to 3,80120
2024,8,2 to 4,129578
2024,8,3 to 3,4050
2024,8,3 to 4,25225
2024,8,4 to 4,18095
2024,7,1 to 1,2010
2024,7,1 to 2,810485
2024,7,1 to 3,802396
2024,7,1 to 4,1255246
2024,7,2 to 2,46827
2024,7,2 to 3,74918
2024,7,2 to 4,129766
2024,7,3 to 3,3554
2024,7,3 to 4,23634
2024,7,4 to 4,18483
2024,6,1 to 1,1425
2024,6,1 to 2,741948
2024,6,1 to 3,729987
2024,6,1 to 4,1110787
2024,6,2 to 2,46496
2024,6,2 to 3,71218
2024,6,2 to 4,116388
2024,6,3 to 3,3440
2024,6,3 to 4,20854
2024,6,4 to 4,15823
2024,5,1 to 1,1674
2024,5,1 to 2,825986
2024,5,1 to 3,764336
2024,5,1 to 4,1155399
2024,5,2 to 2,59509
2024,5,2 to 3,73677
2024,5,2 to 4,118891
2024,5,3 to 3,3414
2024,5,3 to 4,22379
2024,5,4 to 4,15963
2024,4,1 to 1,1139
2024,4,1 to 2,781563
2024,4,1 to 3,739928
2024,4,1 to 4,1115210
2024,4,2 to 2,52319
2024,4,2 to 3,66338
2024,4,2 to 4,101633
2024,4,3 to 3,2905
2024,4,3 to 4,20783
2024,4,4 to 4,14537
2024,3,1 to 1,1458
2024,3,1 to 2,672320
2024,3,1 to 3,669211
2024,3,1 to 4,1040444
2024,3,2 to 2,45561
2024,3,2 to 3,57961
2024,3,2 to 4,89591
2024,3,3 to 3,2903
2024,3,3 to 4,19726
2024,3,4 to 4,14037
2024,2,1 to 1,868
2024,2,1 to 2,591643
2024,2,1 to 3,617509
2024,2,1 to 4,945077
2024,2,2 to 2,43861
2024,2,2 to 3,54581
2024,2,2 to 4,76323
2024,2,3 to 3,2636
2024,2,3 to 4,17361
2024,2,4 to 4,12438
